{
  "channel": {
    "name": "Shawnee",
    "welcomeMessage": "Welcome to Shawnee! Explore local attractions, dining, and house information.",
    "propertyName": "Mountain View Retreat",
    "backgroundImage": "pkg:/images/background.jpg",
    "accentColor": "#e94560",
    "lastUpdated": "2024-12-16"
  },
  "categories": [
    {
      "id": "house-info",
      "title": "House Information",
      "icon": "pkg:/images/icons/house.png",
      "description": "Everything you need to know about your stay",
      "sortOrder": 1,
      "items": [
        {
          "id": "wifi",
          "title": "WiFi Information",
          "shortDescription": "Connect to the internet",
          "description": "Stay connected during your visit! The WiFi network covers the entire property including the patio and deck areas.",
          "image": "pkg:/images/house/wifi.png",
          "icon": "pkg:/images/icons/wifi.png",
          "details": {
            "networkName": "Shawnee-Guest",
            "password": "Welcome2024!",
            "speedMbps": 100
          },
          "tips": "For the best signal strength, connect near the living room router.",
          "isEmergency": false,
          "sortOrder": 1
        },
        {
          "id": "checkout",
          "title": "Check-in & Check-out",
          "shortDescription": "Arrival and departure times",
          "description": "Please review our check-in and check-out procedures to ensure a smooth stay.",
          "image": "pkg:/images/house/checkin.png",
          "icon": "pkg:/images/icons/clock.png",
          "details": {
            "checkInTime": "3:00 PM",
            "checkOutTime": "11:00 AM",
            "earlyCheckIn": "Available upon request ($50)",
            "lateCheckOut": "Available upon request ($50)",
            "keyLocation": "Lockbox on front door - code sent via email"
          },
          "tips": "Please start laundry before leaving - no need to fold!",
          "isEmergency": false,
          "sortOrder": 2
        },
        {
          "id": "parking",
          "title": "Parking",
          "shortDescription": "Where to park your vehicle",
          "description": "Parking is available on the property for up to 3 vehicles.",
          "image": "pkg:/images/house/parking.png",
          "icon": "pkg:/images/icons/car.png",
          "details": {
            "spots": 3,
            "type": "Driveway",
            "covered": false,
            "evCharging": false,
            "instructions": "Pull into the driveway on the left side of the house. Additional street parking is available."
          },
          "tips": "Please avoid blocking the garage door.",
          "isEmergency": false,
          "sortOrder": 3
        },
        {
          "id": "thermostat",
          "title": "Thermostat & Climate",
          "shortDescription": "Heating and cooling controls",
          "description": "The home features central heating and air conditioning with a smart thermostat.",
          "image": "pkg:/images/house/thermostat.png",
          "icon": "pkg:/images/icons/temp.png",
          "details": {
            "location": "Hallway near bedrooms",
            "type": "Nest Smart Thermostat",
            "heatRange": "60-75°F",
            "coolRange": "68-78°F",
            "instructions": "Tap the thermostat to wake it, then rotate to adjust temperature."
          },
          "tips": "Please set to 70°F when leaving for extended periods.",
          "isEmergency": false,
          "sortOrder": 4
        },
        {
          "id": "appliances",
          "title": "Kitchen Appliances",
          "shortDescription": "How to use the kitchen",
          "description": "The kitchen is fully equipped with modern appliances for your convenience.",
          "image": "pkg:/images/house/kitchen.png",
          "icon": "pkg:/images/icons/kitchen.png",
          "appliances": [
            {"name": "Coffee Maker", "brand": "Keurig", "instructions": "K-cups provided in drawer. Water reservoir on left side."},
            {"name": "Dishwasher", "brand": "Bosch", "instructions": "Pods under sink. Run on 'Auto' cycle."},
            {"name": "Oven", "brand": "GE", "instructions": "Press 'Bake', set temp, press 'Start'."},
            {"name": "Microwave", "brand": "GE", "instructions": "Above stove. Use number pads for quick start."}
          ],
          "tips": "Extra coffee pods are in the pantry!",
          "isEmergency": false,
          "sortOrder": 5
        },
        {
          "id": "trash",
          "title": "Trash & Recycling",
          "shortDescription": "Waste disposal information",
          "description": "Please help us keep the property clean by following the trash and recycling guidelines.",
          "image": "pkg:/images/house/trash.png",
          "icon": "pkg:/images/icons/trash.png",
          "details": {
            "trashPickup": "Tuesday mornings",
            "recyclingPickup": "Friday mornings",
            "binLocation": "Side of garage",
            "instructions": "Trash in black bin, recycling in blue bin. Please take bins to curb night before pickup."
          },
          "recyclingAccepted": ["Paper", "Cardboard", "Plastic #1-7", "Glass", "Aluminum"],
          "tips": "Break down cardboard boxes to save space.",
          "isEmergency": false,
          "sortOrder": 6
        },
        {
          "id": "emergency",
          "title": "Emergency Contacts",
          "shortDescription": "Important numbers",
          "description": "Keep these numbers handy in case of emergency.",
          "image": "pkg:/images/house/emergency.png",
          "icon": "pkg:/images/icons/emergency.png",
          "contacts": [
            {"name": "Emergency Services", "phone": "911", "available": "24/7"},
            {"name": "Property Manager", "phone": "(555) 123-4567", "available": "8am-10pm"},
            {"name": "Maintenance Emergency", "phone": "(555) 987-6543", "available": "24/7"},
            {"name": "Poison Control", "phone": "1-800-222-1222", "available": "24/7"},
            {"name": "Local Hospital", "phone": "(555) 456-7890", "available": "24/7"}
          ],
          "nearestHospital": {
            "name": "Shawnee Regional Medical Center",
            "address": "123 Health Way, Shawnee",
            "distance": "4.2 miles"
          },
          "tips": "Save the property manager number to your phone.",
          "isEmergency": true,
          "sortOrder": 0
        },
        {
          "id": "house-rules",
          "title": "House Rules",
          "shortDescription": "Please respect our home",
          "description": "A few simple rules to ensure everyone has a great experience.",
          "image": "pkg:/images/house/rules.png",
          "icon": "pkg:/images/icons/rules.png",
          "rules": [
            "No smoking anywhere on property",
            "No pets unless pre-approved",
            "No parties or events",
            "Quiet hours: 10pm - 8am",
            "Maximum occupancy: 8 guests",
            "No shoes on carpet areas"
          ],
          "tips": "We have a shoe rack by the front door for your convenience.",
          "isEmergency": false,
          "sortOrder": 7
        }
      ]
    },
    {
      "id": "things-to-do",
      "title": "Things To Do",
      "icon": "pkg:/images/icons/activities.png",
      "description": "Local attractions and activities",
      "sortOrder": 2,
      "items": [
        {
          "id": "state-park",
          "title": "Shawnee State Park",
          "shortDescription": "Beautiful hiking and nature trails",
          "description": "Ohio's largest state forest with over 60 miles of hiking trails, beautiful lakes, and abundant wildlife. Perfect for hiking, fishing, and photography.",
          "image": "pkg:/images/activities/state-park.png",
          "icon": "pkg:/images/icons/hiking.png",
          "address": "4404 State Route 125, West Portsmouth, OH 45663",
          "distance": "8 miles",
          "phone": "(740) 858-6652",
          "website": "https://ohiodnr.gov/shawnee",
          "hours": "Dawn to Dusk",
          "priceRange": "Free",
          "rating": 4.8,
          "tags": ["outdoor", "family-friendly", "hiking", "nature", "photography"],
          "amenities": ["Restrooms", "Picnic Areas", "Boat Rental", "Camping"],
          "reservationRequired": false,
          "bestTimeToVisit": "Early morning or late afternoon",
          "tips": "The Backpack Trail offers stunning ridge-top views. Bring bug spray in summer!",
          "isEmergency": false,
          "sortOrder": 1
        },
        {
          "id": "kayak-rental",
          "title": "River Adventures Kayak",
          "shortDescription": "Kayak and canoe rentals",
          "description": "Explore the scenic Ohio River and local waterways. Rentals include paddles, life vests, and shuttle service.",
          "image": "pkg:/images/activities/kayak.png",
          "icon": "pkg:/images/icons/kayak.png",
          "address": "200 River Road, Portsmouth, OH",
          "distance": "12 miles",
          "phone": "(555) 234-5678",
          "website": "https://example.com/kayak",
          "hours": "Mon-Sun: 8am-6pm (seasonal)",
          "priceRange": "$$",
          "priceDetails": {
            "singleKayak": "$35/day",
            "doubleKayak": "$55/day",
            "canoe": "$45/day"
          },
          "rating": 4.6,
          "tags": ["outdoor", "water-sports", "adventure", "family-friendly"],
          "amenities": ["Parking", "Restrooms", "Shuttle Service", "Equipment Provided"],
          "reservationRequired": true,
          "reservationUrl": "https://example.com/kayak/book",
          "tips": "Book morning trips for calmer water. They provide dry bags for phones!",
          "isEmergency": false,
          "sortOrder": 2
        },
        {
          "id": "golf-course",
          "title": "Shawnee Hills Golf Club",
          "shortDescription": "18-hole championship course",
          "description": "A beautiful 18-hole course carved through the rolling hills. Pro shop, driving range, and restaurant on site.",
          "image": "pkg:/images/activities/golf.png",
          "icon": "pkg:/images/icons/golf.png",
          "address": "1100 Fairway Drive, Shawnee, OH",
          "distance": "5 miles",
          "phone": "(555) 345-6789",
          "website": "https://example.com/golf",
          "hours": "Dawn to Dusk",
          "priceRange": "$$$",
          "priceDetails": {
            "weekday18": "$55",
            "weekend18": "$75",
            "twilight": "$35",
            "cartIncluded": true
          },
          "rating": 4.4,
          "tags": ["golf", "outdoor", "sports"],
          "amenities": ["Pro Shop", "Driving Range", "Restaurant", "Cart Rental", "Club Rental"],
          "reservationRequired": true,
          "tips": "Book tee times 48 hours in advance. Twilight rates start at 3pm.",
          "isEmergency": false,
          "sortOrder": 3
        },
        {
          "id": "winery",
          "title": "Valley View Winery",
          "shortDescription": "Local wines and tastings",
          "description": "Family-owned winery featuring Ohio wines. Beautiful tasting room with vineyard views. Live music on weekends.",
          "image": "pkg:/images/activities/winery.png",
          "icon": "pkg:/images/icons/wine.png",
          "address": "567 Vineyard Lane, Shawnee, OH",
          "distance": "6 miles",
          "phone": "(555) 456-7890",
          "website": "https://example.com/winery",
          "hours": "Thu-Sun: 12pm-8pm",
          "priceRange": "$$",
          "priceDetails": {
            "tasting": "$15 for 6 wines",
            "glassPour": "$8-12",
            "bottleAverage": "$18-35"
          },
          "rating": 4.7,
          "tags": ["wine", "date-night", "live-music", "scenic"],
          "amenities": ["Outdoor Seating", "Live Music", "Food Pairings", "Gift Shop"],
          "reservationRequired": false,
          "events": "Live music every Saturday 5-8pm",
          "tips": "Try the Shawnee Red - it's their signature blend. Arrive early on Saturdays!",
          "isEmergency": false,
          "sortOrder": 4
        },
        {
          "id": "movie-theater",
          "title": "Starlight Cinema",
          "shortDescription": "First-run movies",
          "description": "Modern 8-screen theater with reclining seats, IMAX, and full bar service.",
          "image": "pkg:/images/activities/movies.png",
          "icon": "pkg:/images/icons/movie.png",
          "address": "890 Main Street, Portsmouth, OH",
          "distance": "15 miles",
          "phone": "(555) 567-8901",
          "website": "https://example.com/cinema",
          "hours": "Daily: 11am-11pm",
          "priceRange": "$$",
          "priceDetails": {
            "adult": "$14",
            "child": "$10",
            "senior": "$11",
            "imax": "+$5",
            "tuesdaySpecial": "$8 all shows"
          },
          "rating": 4.3,
          "tags": ["movies", "rainy-day", "family-friendly", "date-night"],
          "amenities": ["Reclining Seats", "IMAX", "Full Bar", "Reserved Seating"],
          "reservationRequired": false,
          "tips": "Tuesdays are discount day! Get there early for new releases.",
          "isEmergency": false,
          "sortOrder": 5
        },
        {
          "id": "farmers-market",
          "title": "Shawnee Farmers Market",
          "shortDescription": "Fresh local produce",
          "description": "Weekly farmers market featuring local produce, baked goods, crafts, and live music.",
          "image": "pkg:/images/activities/farmers-market.png",
          "icon": "pkg:/images/icons/market.png",
          "address": "Town Square, Downtown Shawnee",
          "distance": "3 miles",
          "phone": "(555) 678-9012",
          "website": "https://example.com/market",
          "hours": "Saturdays: 8am-1pm (May-October)",
          "priceRange": "$",
          "rating": 4.9,
          "tags": ["shopping", "local", "food", "family-friendly", "outdoor"],
          "amenities": ["Parking", "Live Music", "Food Vendors", "ATM"],
          "reservationRequired": false,
          "tips": "Come early for the best selection. The honey stand sells out fast!",
          "isEmergency": false,
          "sortOrder": 6
        }
      ]
    },
    {
      "id": "places-to-eat",
      "title": "Places To Eat",
      "icon": "pkg:/images/icons/dining.png",
      "description": "Local restaurants and dining",
      "sortOrder": 3,
      "items": [
        {
          "id": "steakhouse",
          "title": "The Shawnee Steakhouse",
          "shortDescription": "Premium steaks and fine dining",
          "description": "Upscale steakhouse featuring prime cuts, fresh seafood, and an extensive wine list. Reservations recommended for dinner.",
          "image": "pkg:/images/dining/steakhouse.png",
          "icon": "pkg:/images/icons/steak.png",
          "address": "100 Main Street, Shawnee, OH",
          "distance": "4 miles",
          "phone": "(555) 111-2222",
          "website": "https://example.com/steakhouse",
          "hours": "Tue-Thu: 5pm-9pm, Fri-Sat: 5pm-10pm, Sun: 4pm-8pm",
          "priceRange": "$$$",
          "priceDetails": {
            "appetizers": "$12-18",
            "entrees": "$35-65",
            "desserts": "$10-14"
          },
          "cuisineType": "American Steakhouse",
          "rating": 4.7,
          "tags": ["fine-dining", "date-night", "special-occasion", "steaks"],
          "dietaryOptions": ["gluten-free-options", "vegetarian-options"],
          "amenities": ["Full Bar", "Private Dining", "Valet Parking", "Outdoor Patio"],
          "reservationRequired": true,
          "reservationUrl": "https://example.com/steakhouse/reserve",
          "dressCode": "Smart Casual",
          "tips": "The 28-day dry-aged ribeye is their specialty. Ask about the chef's table!",
          "isEmergency": false,
          "sortOrder": 1
        },
        {
          "id": "italian",
          "title": "Mama Rosa's Italian",
          "shortDescription": "Authentic Italian cuisine",
          "description": "Family-run Italian restaurant serving homemade pasta, pizza, and traditional recipes passed down for generations.",
          "image": "pkg:/images/dining/italian.png",
          "icon": "pkg:/images/icons/pasta.png",
          "address": "234 Oak Avenue, Shawnee, OH",
          "distance": "3 miles",
          "phone": "(555) 222-3333",
          "website": "https://example.com/mamarosas",
          "hours": "Mon-Sat: 11am-9pm, Sun: 12pm-8pm",
          "priceRange": "$$",
          "priceDetails": {
            "lunch": "$12-18",
            "dinner": "$16-28",
            "pizza": "$14-22"
          },
          "cuisineType": "Italian",
          "rating": 4.8,
          "tags": ["family-friendly", "italian", "pasta", "pizza", "casual"],
          "dietaryOptions": ["vegetarian", "gluten-free-pasta-available", "dairy-free-options"],
          "amenities": ["Takeout", "Delivery", "Wine Selection", "Kid's Menu"],
          "reservationRequired": false,
          "deliveryAvailable": true,
          "deliveryPhone": "(555) 222-3333",
          "tips": "Try the homemade lasagna - it's a local favorite. They have a great lunch special!",
          "isEmergency": false,
          "sortOrder": 2
        },
        {
          "id": "bbq",
          "title": "Smokey's BBQ Pit",
          "shortDescription": "Slow-smoked barbecue",
          "description": "Authentic pit barbecue smoked low and slow over hickory wood. Ribs, brisket, pulled pork, and all the fixings.",
          "image": "pkg:/images/dining/bbq.png",
          "icon": "pkg:/images/icons/bbq.png",
          "address": "567 Hickory Lane, Shawnee, OH",
          "distance": "5 miles",
          "phone": "(555) 333-4444",
          "website": "https://example.com/smokeys",
          "hours": "Wed-Sun: 11am until sold out",
          "priceRange": "$$",
          "priceDetails": {
            "plates": "$14-22",
            "sandwiches": "$10-14",
            "familyPack": "$55 (feeds 4-5)"
          },
          "cuisineType": "BBQ",
          "rating": 4.9,
          "tags": ["bbq", "casual", "local-favorite", "takeout"],
          "dietaryOptions": ["gluten-free-options"],
          "amenities": ["Takeout", "Outdoor Seating", "BYOB"],
          "reservationRequired": false,
          "specialNote": "Cash only! ATM on site.",
          "tips": "Come early - they sell out! The burnt ends are legendary. Friday is brisket day.",
          "isEmergency": false,
          "sortOrder": 3
        },
        {
          "id": "cafe",
          "title": "Morning Brew Café",
          "shortDescription": "Coffee, breakfast & brunch",
          "description": "Cozy café serving specialty coffee, fresh pastries, and all-day breakfast. Perfect for a relaxed morning start.",
          "image": "pkg:/images/dining/cafe.png",
          "icon": "pkg:/images/icons/coffee.png",
          "address": "45 Market Street, Shawnee, OH",
          "distance": "3 miles",
          "phone": "(555) 444-5555",
          "website": "https://example.com/morningbrew",
          "hours": "Daily: 6:30am-3pm",
          "priceRange": "$",
          "priceDetails": {
            "coffee": "$3-6",
            "breakfast": "$8-14",
            "pastries": "$3-5"
          },
          "cuisineType": "Café/Breakfast",
          "rating": 4.6,
          "tags": ["breakfast", "coffee", "brunch", "casual", "wifi"],
          "dietaryOptions": ["vegetarian", "vegan-options", "gluten-free-options"],
          "amenities": ["Free WiFi", "Outdoor Seating", "Takeout"],
          "reservationRequired": false,
          "tips": "The avocado toast is amazing. Try the house-made cinnamon rolls - they sell out by 10am!",
          "isEmergency": false,
          "sortOrder": 4
        },
        {
          "id": "mexican",
          "title": "Casa del Sol",
          "shortDescription": "Authentic Mexican food",
          "description": "Vibrant Mexican restaurant with made-from-scratch tortillas, sizzling fajitas, and creative margaritas.",
          "image": "pkg:/images/dining/mexican.png",
          "icon": "pkg:/images/icons/taco.png",
          "address": "789 Sunset Boulevard, Portsmouth, OH",
          "distance": "12 miles",
          "phone": "(555) 555-6666",
          "website": "https://example.com/casadelsol",
          "hours": "Mon-Thu: 11am-9pm, Fri-Sat: 11am-10pm, Sun: 11am-8pm",
          "priceRange": "$$",
          "priceDetails": {
            "tacos": "$4 each",
            "entrees": "$14-22",
            "margaritas": "$8-12"
          },
          "cuisineType": "Mexican",
          "rating": 4.5,
          "tags": ["mexican", "margaritas", "family-friendly", "casual"],
          "dietaryOptions": ["vegetarian", "vegan-options", "gluten-free-options"],
          "amenities": ["Full Bar", "Patio Seating", "Happy Hour", "Kid's Menu"],
          "reservationRequired": false,
          "happyHour": "Mon-Fri 3-6pm: $5 margaritas, $3 tacos",
          "tips": "Tuesday is taco night - $2 tacos! The street corn is a must-try.",
          "isEmergency": false,
          "sortOrder": 5
        },
        {
          "id": "pizza",
          "title": "Stone Fire Pizza",
          "shortDescription": "Wood-fired artisan pizza",
          "description": "Artisan pizzeria with wood-fired oven, craft beers, and creative topping combinations. Great for families!",
          "image": "pkg:/images/dining/pizza.png",
          "icon": "pkg:/images/icons/pizza.png",
          "address": "321 Center Street, Shawnee, OH",
          "distance": "4 miles",
          "phone": "(555) 666-7777",
          "website": "https://example.com/stonefire",
          "hours": "Sun-Thu: 11am-9pm, Fri-Sat: 11am-10pm",
          "priceRange": "$$",
          "priceDetails": {
            "pizzas": "$14-24",
            "salads": "$10-14",
            "appetizers": "$8-14"
          },
          "cuisineType": "Pizza",
          "rating": 4.7,
          "tags": ["pizza", "family-friendly", "craft-beer", "casual"],
          "dietaryOptions": ["vegetarian", "vegan-cheese-available", "gluten-free-crust"],
          "amenities": ["Craft Beer", "Kid's Menu", "Takeout", "Delivery"],
          "reservationRequired": false,
          "deliveryAvailable": true,
          "tips": "The Margherita is perfection. Try the honey drizzle on your pepperoni!",
          "isEmergency": false,
          "sortOrder": 6
        }
      ]
    },
    {
      "id": "local-services",
      "title": "Local Services",
      "icon": "pkg:/images/icons/services.png",
      "description": "Nearby essential services",
      "sortOrder": 4,
      "items": [
        {
          "id": "grocery",
          "title": "Shawnee Market",
          "shortDescription": "Full-service grocery store",
          "description": "Local grocery store with fresh produce, meats, and everyday essentials. Pharmacy on site.",
          "image": "pkg:/images/services/grocery.png",
          "icon": "pkg:/images/icons/cart.png",
          "address": "500 Main Street, Shawnee, OH",
          "distance": "3 miles",
          "phone": "(555) 777-8888",
          "hours": "Daily: 7am-10pm",
          "priceRange": "$$",
          "rating": 4.3,
          "tags": ["grocery", "pharmacy", "essentials"],
          "amenities": ["Pharmacy", "Deli", "Bakery", "ATM"],
          "tips": "The deli has great prepared foods for quick meals.",
          "isEmergency": false,
          "sortOrder": 1
        },
        {
          "id": "pharmacy",
          "title": "CVS Pharmacy",
          "shortDescription": "24-hour pharmacy",
          "description": "Full-service pharmacy open 24 hours. Also carries health, beauty, and convenience items.",
          "image": "pkg:/images/services/pharmacy.png",
          "icon": "pkg:/images/icons/pharmacy.png",
          "address": "123 Commerce Drive, Shawnee, OH",
          "distance": "4 miles",
          "phone": "(555) 888-9999",
          "hours": "Pharmacy: 24 hours, Store: 24 hours",
          "priceRange": "$$",
          "rating": 4.0,
          "tags": ["pharmacy", "24-hour", "health"],
          "amenities": ["24-Hour Pharmacy", "Photo Printing", "Health Clinic"],
          "tips": "MinuteClinic on site for minor urgent care needs.",
          "isEmergency": false,
          "sortOrder": 2
        },
        {
          "id": "gas-station",
          "title": "Shell Gas Station",
          "shortDescription": "Fuel and convenience",
          "description": "Closest gas station to the property. Also has a convenience store for snacks and essentials.",
          "image": "pkg:/images/services/gas.png",
          "icon": "pkg:/images/icons/gas.png",
          "address": "789 Highway 125, Shawnee, OH",
          "distance": "2 miles",
          "phone": "(555) 999-0000",
          "hours": "24 hours",
          "priceRange": "$",
          "rating": 4.1,
          "tags": ["gas", "convenience", "24-hour"],
          "amenities": ["Convenience Store", "ATM", "Air Pump", "Car Wash"],
          "tips": "The Shell rewards app gives 5 cents off per gallon.",
          "isEmergency": false,
          "sortOrder": 3
        },
        {
          "id": "urgent-care",
          "title": "QuickCare Urgent Care",
          "shortDescription": "Walk-in medical care",
          "description": "Walk-in clinic for non-emergency medical needs. X-ray and basic lab services available.",
          "image": "pkg:/images/services/urgent-care.png",
          "icon": "pkg:/images/icons/medical.png",
          "address": "456 Health Plaza, Portsmouth, OH",
          "distance": "10 miles",
          "phone": "(555) 000-1111",
          "hours": "Daily: 8am-8pm",
          "priceRange": "$$",
          "rating": 4.4,
          "tags": ["medical", "urgent-care", "walk-in"],
          "amenities": ["X-Ray", "Lab Services", "Most Insurance Accepted"],
          "tips": "Check in online to reduce wait time.",
          "isEmergency": true,
          "sortOrder": 4
        }
      ]
    }
  ]
}


